parkKey,featureKey
annaMarinelli,playground
arizona,playground
bellevue,playground
birchwood,playground
boston,playground
brookfield,playground
bruceStreet,playground
cambrianHeights,playground
centennial,playground
clarksCourt,playground
clergue,playground
davidKyle,playground
drakeStreet,playground
ericNystedt,playground
etienneBrule,playground
forestGlen,playground
forestHeights,playground
glasgow,playground
glenwood,playground
greenAcres,playground
greenfield,playground
hamilton,playground
highland,playground
hillside,playground
jamesLyons,playground
johnRowswell,playground
johnStreet,playground
joseph,playground
korah,playground
lasalle,playground
laurentian,playground
lennox,playground
littner,playground
macdonald,playground
manitou,playground
manzo,playground
meadow,playground
mikeZuke,playground
moffley,playground
munroe,playground
northStreet,playground
northernHeights,playground
parklandPark,playground
patrickStreet,playground
penhorwood,playground
pointeDesChenes,playground
punkari,playground
queenElizabeth,playground
retta,playground
rosedale,playground
rosita,playground
ruthStreet,playground
snowdon,playground
stPatrick,playground
sunriseRidge,playground
superior,playground
sussex,playground
sutton,playground
upton,playground
victoria,playground
westwood,playground
wilcox,playground
winfield,playground
